category,variant,seed,train_regime,eval_regime,target_scope,metric_semantics,positive_count,train_negative_source_count,negative_count,auc,ks,balanced_accuracy,overlap,threshold,best_w,optimization_method,category_prior_used,prior_source,prior_motifs,model_path
pesticides,baseline_hard_negative,11,property_matched,property_matched,broad_category,external_eval_metrics_against_eval_regime_negatives,25,60,60,0.5003,0.4,0.675,0.0686,0.9565,0.95,grid_w_objective_fallback,False,,,D:\DSWU\2026_기말고사\algorithm_paper_app\app\output\g005_remaining_category_improvement\pesticides\baseline_hard_negative\seed_11\model.json
pesticides,all_other_random,11,all_other_random,property_matched,broad_category,external_eval_metrics_against_eval_regime_negatives,25,60,60,0.6983,0.3967,0.6983,0.5202,0.4978,0.4,grid_w_objective_fallback,False,,,D:\DSWU\2026_기말고사\algorithm_paper_app\app\output\g005_remaining_category_improvement\pesticides\all_other_random\seed_11\model.json
pesticides,related_hard,11,related_hard,property_matched,broad_category,external_eval_metrics_against_eval_regime_negatives,25,60,60,0.7287,0.4533,0.7267,0.4575,0.1014,0.0,grid_w_objective_fallback,False,,,D:\DSWU\2026_기말고사\algorithm_paper_app\app\output\g005_remaining_category_improvement\pesticides\related_hard\seed_11\model.json
pesticides,pesticides_native_lee_negatives,11,pesticides_native_lee_negative_data,property_matched,broad_category,external_eval_metrics_against_eval_regime_negatives,25,60,60,0.5143,0.28,0.61,0.585,0.6981,0.4874,lee_tpe_bayesian,False,,,D:\DSWU\2026_기말고사\algorithm_paper_app\app\output\g005_remaining_category_improvement\pesticides\pesticides_native_lee_negatives\seed_11\model.json
fragrances,baseline_hard_negative,11,audited_hard_negative,audited_hard_negative,broad_category,external_eval_metrics_against_eval_regime_negatives,25,2,2,0.58,0.16,0.58,0.0,0.25,0.0,grid_w_objective_fallback,False,,,D:\DSWU\2026_기말고사\algorithm_paper_app\app\output\g005_remaining_category_improvement\fragrances\baseline_hard_negative\seed_11\model.json
fragrances,category_prior_hard_negative,11,audited_hard_negative,audited_hard_negative,broad_category,external_eval_metrics_against_eval_regime_negatives,25,2,2,0.46,0.46,0.69,0.5959,0.372,0.4,grid_w_objective_fallback,True,data/models/choi_fragrance.json and data/models/pubchem_flavoring_agents.json broad Choi pattern evidence,ester;aldehyde;long_chain;benzophenone;cinnamate,D:\DSWU\2026_기말고사\algorithm_paper_app\app\output\g005_remaining_category_improvement\fragrances\category_prior_hard_negative\seed_11\model.json
fragrances,all_other_random,11,all_other_random,audited_hard_negative,broad_category,external_eval_metrics_against_eval_regime_negatives,25,60,2,0.44,0.42,0.65,0.6839,0.7188,0.75,grid_w_objective_fallback,False,,,D:\DSWU\2026_기말고사\algorithm_paper_app\app\output\g005_remaining_category_improvement\fragrances\all_other_random\seed_11\model.json
fragrances,all_other_random_category_prior,11,all_other_random,audited_hard_negative,broad_category,external_eval_metrics_against_eval_regime_negatives,25,60,2,0.43,0.5,0.67,0.6395,0.6038,0.65,grid_w_objective_fallback,True,data/models/choi_fragrance.json and data/models/pubchem_flavoring_agents.json broad Choi pattern evidence,ester;aldehyde;long_chain;benzophenone;cinnamate,D:\DSWU\2026_기말고사\algorithm_paper_app\app\output\g005_remaining_category_improvement\fragrances\all_other_random_category_prior\seed_11\model.json
fragrances,related_hard,11,related_hard,audited_hard_negative,broad_category,external_eval_metrics_against_eval_regime_negatives,25,60,2,0.51,0.24,0.57,0.7885,0.8,0.8,grid_w_objective_fallback,False,,,D:\DSWU\2026_기말고사\algorithm_paper_app\app\output\g005_remaining_category_improvement\fragrances\related_hard\seed_11\model.json
fragrances,related_hard_category_prior,11,related_hard,audited_hard_negative,broad_category,external_eval_metrics_against_eval_regime_negatives,25,60,2,0.45,0.5,0.69,0.6323,0.575,0.65,grid_w_objective_fallback,True,data/models/choi_fragrance.json and data/models/pubchem_flavoring_agents.json broad Choi pattern evidence,ester;aldehyde;long_chain;benzophenone;cinnamate,D:\DSWU\2026_기말고사\algorithm_paper_app\app\output\g005_remaining_category_improvement\fragrances\related_hard_category_prior\seed_11\model.json
fragrances,fragrances_native_pesticide_negatives,11,choi_native_pesticides_negative_source,audited_hard_negative,broad_category,external_eval_metrics_against_eval_regime_negatives,25,60,2,0.44,0.42,0.65,0.6839,0.7188,0.75,grid_w_objective_fallback,False,,,D:\DSWU\2026_기말고사\algorithm_paper_app\app\output\g005_remaining_category_improvement\fragrances\fragrances_native_pesticide_negatives\seed_11\model.json
fragrances,fragrances_native_pesticide_negatives_category_prior,11,choi_native_pesticides_negative_source,audited_hard_negative,broad_category,external_eval_metrics_against_eval_regime_negatives,25,60,2,0.43,0.5,0.67,0.6668,0.672,0.75,grid_w_objective_fallback,True,data/models/choi_fragrance.json and data/models/pubchem_flavoring_agents.json broad Choi pattern evidence,ester;aldehyde;long_chain;benzophenone;cinnamate,D:\DSWU\2026_기말고사\algorithm_paper_app\app\output\g005_remaining_category_improvement\fragrances\fragrances_native_pesticide_negatives_category_prior\seed_11\model.json
food_additives,baseline_hard_negative,11,property_matched,property_matched,broad_category,external_eval_metrics_against_eval_regime_negatives,25,60,60,0.58,0.16,0.58,0.0,0.2,0.0,grid_w_objective_fallback,False,,,D:\DSWU\2026_기말고사\algorithm_paper_app\app\output\g005_remaining_category_improvement\food_additives\baseline_hard_negative\seed_11\model.json
food_additives,category_prior_hard_negative,11,property_matched,property_matched,broad_category,external_eval_metrics_against_eval_regime_negatives,25,60,60,0.2947,0.64,0.6033,0.0218,0.9563,0.95,grid_w_objective_fallback,True,data/models/pubchem_food_additives.json broad Choi pattern evidence,aldehyde;cinnamate;ester,D:\DSWU\2026_기말고사\algorithm_paper_app\app\output\g005_remaining_category_improvement\food_additives\category_prior_hard_negative\seed_11\model.json
food_additives,all_other_random,11,all_other_random,property_matched,broad_category,external_eval_metrics_against_eval_regime_negatives,25,60,60,0.1323,0.76,0.5233,0.1916,0.8589,0.4874,lee_tpe_bayesian,False,,,D:\DSWU\2026_기말고사\algorithm_paper_app\app\output\g005_remaining_category_improvement\food_additives\all_other_random\seed_11\model.json
food_additives,all_other_random_category_prior,11,all_other_random,property_matched,broad_category,external_eval_metrics_against_eval_regime_negatives,25,60,60,0.1323,0.76,0.5233,0.1916,0.8589,0.4874,lee_tpe_bayesian,True,data/models/pubchem_food_additives.json broad Choi pattern evidence,aldehyde;cinnamate;ester,D:\DSWU\2026_기말고사\algorithm_paper_app\app\output\g005_remaining_category_improvement\food_additives\all_other_random_category_prior\seed_11\model.json
food_additives,related_hard,11,related_hard,property_matched,broad_category,external_eval_metrics_against_eval_regime_negatives,25,60,60,0.52,0.04,0.52,0.0,1.0,0.0,grid_w_objective_fallback,False,,,D:\DSWU\2026_기말고사\algorithm_paper_app\app\output\g005_remaining_category_improvement\food_additives\related_hard\seed_11\model.json
food_additives,related_hard_category_prior,11,related_hard,property_matched,broad_category,external_eval_metrics_against_eval_regime_negatives,25,60,60,0.232,0.68,0.5633,0.2174,0.6309,0.4874,lee_tpe_bayesian,True,data/models/pubchem_food_additives.json broad Choi pattern evidence,aldehyde;cinnamate;ester,D:\DSWU\2026_기말고사\algorithm_paper_app\app\output\g005_remaining_category_improvement\food_additives\related_hard_category_prior\seed_11\model.json
flavoring_agents,baseline_hard_negative,11,audited_hard_negative,audited_hard_negative,broad_category,external_eval_metrics_against_eval_regime_negatives,25,4,4,0.66,0.32,0.66,0.0,0.125,0.0,grid_w_objective_fallback,False,,,D:\DSWU\2026_기말고사\algorithm_paper_app\app\output\g005_remaining_category_improvement\flavoring_agents\baseline_hard_negative\seed_11\model.json
flavoring_agents,category_prior_hard_negative,11,audited_hard_negative,audited_hard_negative,broad_category,external_eval_metrics_against_eval_regime_negatives,25,4,4,0.28,0.68,0.62,0.0,0.5127,0.45,grid_w_objective_fallback,True,data/models/pubchem_flavoring_agents.json broad Choi pattern evidence,ester;aldehyde;cinnamate,D:\DSWU\2026_기말고사\algorithm_paper_app\app\output\g005_remaining_category_improvement\flavoring_agents\category_prior_hard_negative\seed_11\model.json
flavoring_agents,all_other_random,11,all_other_random,audited_hard_negative,broad_category,external_eval_metrics_against_eval_regime_negatives,25,60,4,0.44,0.36,0.62,0.0,0.2012,0.05,grid_w_objective_fallback,False,,,D:\DSWU\2026_기말고사\algorithm_paper_app\app\output\g005_remaining_category_improvement\flavoring_agents\all_other_random\seed_11\model.json
flavoring_agents,all_other_random_category_prior,11,all_other_random,audited_hard_negative,broad_category,external_eval_metrics_against_eval_regime_negatives,25,60,4,0.24,0.72,0.6,0.0,0.8153,0.75,grid_w_objective_fallback,True,data/models/pubchem_flavoring_agents.json broad Choi pattern evidence,ester;aldehyde;cinnamate,D:\DSWU\2026_기말고사\algorithm_paper_app\app\output\g005_remaining_category_improvement\flavoring_agents\all_other_random_category_prior\seed_11\model.json
flavoring_agents,related_hard,11,related_hard,audited_hard_negative,broad_category,external_eval_metrics_against_eval_regime_negatives,25,60,4,0.28,0.44,0.5,0.0,0.5,1.0,grid_w_objective_fallback,False,,,D:\DSWU\2026_기말고사\algorithm_paper_app\app\output\g005_remaining_category_improvement\flavoring_agents\related_hard\seed_11\model.json
flavoring_agents,related_hard_category_prior,11,related_hard,audited_hard_negative,broad_category,external_eval_metrics_against_eval_regime_negatives,25,60,4,0.2,0.76,0.58,0.0,0.9887,0.95,grid_w_objective_fallback,True,data/models/pubchem_flavoring_agents.json broad Choi pattern evidence,ester;aldehyde;cinnamate,D:\DSWU\2026_기말고사\algorithm_paper_app\app\output\g005_remaining_category_improvement\flavoring_agents\related_hard_category_prior\seed_11\model.json
lipids,baseline_hard_negative,11,audited_hard_negative,audited_hard_negative,broad_category,external_eval_metrics_against_eval_regime_negatives,25,18,18,0.7656,0.5222,0.7611,0.0429,0.05,0.05,grid_w_objective_fallback,False,,,D:\DSWU\2026_기말고사\algorithm_paper_app\app\output\g005_remaining_category_improvement\lipids\baseline_hard_negative\seed_11\model.json
lipids,category_prior_hard_negative,11,audited_hard_negative,audited_hard_negative,broad_category,external_eval_metrics_against_eval_regime_negatives,25,18,18,0.8811,0.6333,0.8167,0.4838,0.3756,0.2,grid_w_objective_fallback,True,data/models/pubchem_lipids.json broad Choi pattern evidence,long_chain;glycol;ester;cinnamate,D:\DSWU\2026_기말고사\algorithm_paper_app\app\output\g005_remaining_category_improvement\lipids\category_prior_hard_negative\seed_11\model.json
lipids,all_other_random,11,all_other_random,audited_hard_negative,broad_category,external_eval_metrics_against_eval_regime_negatives,25,60,18,0.5889,0.3444,0.6722,0.6763,0.7943,0.4874,lee_tpe_bayesian,False,,,D:\DSWU\2026_기말고사\algorithm_paper_app\app\output\g005_remaining_category_improvement\lipids\all_other_random\seed_11\model.json
lipids,all_other_random_category_prior,11,all_other_random,audited_hard_negative,broad_category,external_eval_metrics_against_eval_regime_negatives,25,60,18,0.5889,0.3444,0.6722,0.6763,0.7943,0.4874,lee_tpe_bayesian,True,data/models/pubchem_lipids.json broad Choi pattern evidence,long_chain;glycol;ester;cinnamate,D:\DSWU\2026_기말고사\algorithm_paper_app\app\output\g005_remaining_category_improvement\lipids\all_other_random_category_prior\seed_11\model.json
lipids,related_hard,11,related_hard,audited_hard_negative,broad_category,external_eval_metrics_against_eval_regime_negatives,25,60,18,0.61,0.2644,0.6322,0.6998,0.8445,0.4874,lee_tpe_bayesian,False,,,D:\DSWU\2026_기말고사\algorithm_paper_app\app\output\g005_remaining_category_improvement\lipids\related_hard\seed_11\model.json
lipids,related_hard_category_prior,11,related_hard,audited_hard_negative,broad_category,external_eval_metrics_against_eval_regime_negatives,25,60,18,0.61,0.2644,0.6322,0.6998,0.8445,0.4874,lee_tpe_bayesian,True,data/models/pubchem_lipids.json broad Choi pattern evidence,long_chain;glycol;ester;cinnamate,D:\DSWU\2026_기말고사\algorithm_paper_app\app\output\g005_remaining_category_improvement\lipids\related_hard_category_prior\seed_11\model.json
solvents,baseline_hard_negative,11,property_matched,property_matched,broad_category,external_eval_metrics_against_eval_regime_negatives,25,60,60,0.68,0.36,0.68,0.0,0.1111,0.0,grid_w_objective_fallback,False,,,D:\DSWU\2026_기말고사\algorithm_paper_app\app\output\g005_remaining_category_improvement\solvents\baseline_hard_negative\seed_11\model.json
solvents,all_other_random,11,all_other_random,property_matched,broad_category,external_eval_metrics_against_eval_regime_negatives,25,60,60,0.3,0.4,0.5,0.0,0.5,0.65,grid_w_objective_fallback,False,,,D:\DSWU\2026_기말고사\algorithm_paper_app\app\output\g005_remaining_category_improvement\solvents\all_other_random\seed_11\model.json
solvents,related_hard,11,related_hard,property_matched,broad_category,external_eval_metrics_against_eval_regime_negatives,25,60,60,0.305,0.4,0.5,0.9724,0.5,0.05,grid_w_objective_fallback,False,,,D:\DSWU\2026_기말고사\algorithm_paper_app\app\output\g005_remaining_category_improvement\solvents\related_hard\seed_11\model.json
endocrine_disruptors,baseline_hard_negative,11,property_matched,property_matched,broad_category,external_eval_metrics_against_eval_regime_negatives,25,60,60,0.26,0.52,0.52,0.0,0.8938,0.85,grid_w_objective_fallback,False,,,D:\DSWU\2026_기말고사\algorithm_paper_app\app\output\g005_remaining_category_improvement\endocrine_disruptors\baseline_hard_negative\seed_11\model.json
endocrine_disruptors,category_prior_hard_negative,11,property_matched,property_matched,broad_category,external_eval_metrics_against_eval_regime_negatives,25,60,60,0.22,0.56,0.5,0.0,0.5,1.0,grid_w_objective_fallback,True,data/models/pubchem_endocrine_disruptors.json broad Choi pattern evidence,aromatic_oh;benzophenone;cinnamate,D:\DSWU\2026_기말고사\algorithm_paper_app\app\output\g005_remaining_category_improvement\endocrine_disruptors\category_prior_hard_negative\seed_11\model.json
endocrine_disruptors,all_other_random,11,all_other_random,property_matched,broad_category,external_eval_metrics_against_eval_regime_negatives,25,60,60,0.3857,0.2767,0.505,0.8142,0.6218,0.4874,lee_tpe_bayesian,False,,,D:\DSWU\2026_기말고사\algorithm_paper_app\app\output\g005_remaining_category_improvement\endocrine_disruptors\all_other_random\seed_11\model.json
endocrine_disruptors,all_other_random_category_prior,11,all_other_random,property_matched,broad_category,external_eval_metrics_against_eval_regime_negatives,25,60,60,0.3857,0.2767,0.505,0.8108,0.618,0.4874,lee_tpe_bayesian,True,data/models/pubchem_endocrine_disruptors.json broad Choi pattern evidence,aromatic_oh;benzophenone;cinnamate,D:\DSWU\2026_기말고사\algorithm_paper_app\app\output\g005_remaining_category_improvement\endocrine_disruptors\all_other_random_category_prior\seed_11\model.json
endocrine_disruptors,related_hard,11,related_hard,property_matched,broad_category,external_eval_metrics_against_eval_regime_negatives,25,60,60,0.5,0.0,0.5,0.0,0.5,0.0,grid_w_objective_fallback,False,,,D:\DSWU\2026_기말고사\algorithm_paper_app\app\output\g005_remaining_category_improvement\endocrine_disruptors\related_hard\seed_11\model.json
endocrine_disruptors,related_hard_category_prior,11,related_hard,property_matched,broad_category,external_eval_metrics_against_eval_regime_negatives,25,60,60,0.4533,0.24,0.5733,0.7178,0.5357,0.5,grid_w_objective_fallback,True,data/models/pubchem_endocrine_disruptors.json broad Choi pattern evidence,aromatic_oh;benzophenone;cinnamate,D:\DSWU\2026_기말고사\algorithm_paper_app\app\output\g005_remaining_category_improvement\endocrine_disruptors\related_hard_category_prior\seed_11\model.json
surfactants,baseline_hard_negative,11,property_matched,property_matched,broad_category,external_eval_metrics_against_eval_regime_negatives,25,60,60,0.56,0.12,0.56,0.0,1.0,0.0,grid_w_objective_fallback,False,,,D:\DSWU\2026_기말고사\algorithm_paper_app\app\output\g005_remaining_category_improvement\surfactants\baseline_hard_negative\seed_11\model.json
surfactants,category_prior_hard_negative,11,property_matched,property_matched,broad_category,external_eval_metrics_against_eval_regime_negatives,25,60,60,0.445,0.2667,0.54,0.518,0.944,0.9,grid_w_objective_fallback,True,data/models/choi_surfactant.json broad Choi pattern evidence,long_chain;glycol;sulfonate;quaternary_n,D:\DSWU\2026_기말고사\algorithm_paper_app\app\output\g005_remaining_category_improvement\surfactants\category_prior_hard_negative\seed_11\model.json
surfactants,all_other_random,11,all_other_random,property_matched,broad_category,external_eval_metrics_against_eval_regime_negatives,25,60,60,0.524,0.23,0.615,0.7448,0.8938,0.85,grid_w_objective_fallback,False,,,D:\DSWU\2026_기말고사\algorithm_paper_app\app\output\g005_remaining_category_improvement\surfactants\all_other_random\seed_11\model.json
surfactants,all_other_random_category_prior,11,all_other_random,property_matched,broad_category,external_eval_metrics_against_eval_regime_negatives,25,60,60,0.576,0.28,0.64,0.7106,0.7894,0.75,grid_w_objective_fallback,True,data/models/choi_surfactant.json broad Choi pattern evidence,long_chain;glycol;sulfonate;quaternary_n,D:\DSWU\2026_기말고사\algorithm_paper_app\app\output\g005_remaining_category_improvement\surfactants\all_other_random_category_prior\seed_11\model.json
surfactants,related_hard,11,related_hard,property_matched,broad_category,external_eval_metrics_against_eval_regime_negatives,25,60,60,0.524,0.23,0.615,0.7448,0.8938,0.85,grid_w_objective_fallback,False,,,D:\DSWU\2026_기말고사\algorithm_paper_app\app\output\g005_remaining_category_improvement\surfactants\related_hard\seed_11\model.json
surfactants,related_hard_category_prior,11,related_hard,property_matched,broad_category,external_eval_metrics_against_eval_regime_negatives,25,60,60,0.576,0.28,0.64,0.7112,0.7904,0.75,grid_w_objective_fallback,True,data/models/choi_surfactant.json broad Choi pattern evidence,long_chain;glycol;sulfonate;quaternary_n,D:\DSWU\2026_기말고사\algorithm_paper_app\app\output\g005_remaining_category_improvement\surfactants\related_hard_category_prior\seed_11\model.json
surfactants,surfactants_native_pesticide_negatives,11,choi_native_pesticides_negative_source,property_matched,broad_category,external_eval_metrics_against_eval_regime_negatives,25,60,60,0.5863,0.31,0.655,0.7018,0.7839,0.55,grid_w_objective_fallback,False,,,D:\DSWU\2026_기말고사\algorithm_paper_app\app\output\g005_remaining_category_improvement\surfactants\surfactants_native_pesticide_negatives\seed_11\model.json
surfactants,surfactants_native_pesticide_negatives_category_prior,11,choi_native_pesticides_negative_source,property_matched,broad_category,external_eval_metrics_against_eval_regime_negatives,25,60,60,0.5807,0.31,0.655,0.7034,0.7799,0.55,grid_w_objective_fallback,True,data/models/choi_surfactant.json broad Choi pattern evidence,long_chain;glycol;sulfonate;quaternary_n,D:\DSWU\2026_기말고사\algorithm_paper_app\app\output\g005_remaining_category_improvement\surfactants\surfactants_native_pesticide_negatives_category_prior\seed_11\model.json
