panel_id,family_id,display_name,prototype_family_name,member_count,pubchem_official_named_subtype_available,naming_mode,pubchem_source_candidates,pubchem_source_hnids,representative_smiles
animal_drugs,official_17764144,Animal Drugs Official / QA - Alimentary tract and metabolism,QA - Alimentary tract and metabolism,68,True,official_pubchem_subtype,ATCvet Classification,source_hid=136; subtype_hnid=17764144,C[N+](C)(C)CC(=O)[O-]
animal_drugs,official_17764118,Animal Drugs Official / QC - Cardiovascular system,QC - Cardiovascular system,28,True,official_pubchem_subtype,ATCvet Classification,source_hid=136; subtype_hnid=17764118,C1=CC=C(C=C1)O
animal_drugs,official_17764188,Animal Drugs Official / QD - Dermatologicals,QD - Dermatologicals,53,True,official_pubchem_subtype,ATCvet Classification,source_hid=136; subtype_hnid=17764188,C1=CC=C(C(=C1)C(=O)O)O
animal_drugs,official_17764164,Animal Drugs Official / QG - Genito urinary system and sex hormones,QG - Genito urinary system and sex hormones,46,True,official_pubchem_subtype,ATCvet Classification,source_hid=136; subtype_hnid=17764164,CC(=O)O
animal_drugs,official_17764193,Animal Drugs Official / QJ - Antiinfectives for systemic use,QJ - Antiinfectives for systemic use,82,True,official_pubchem_subtype,ATCvet Classification,source_hid=136; subtype_hnid=17764193,C1=CC=C(C=C1)C(C2=CC=CC=C2)(C3=CC=CC=C3Cl)N4C=CN=C4
animal_drugs,official_17764256,Animal Drugs Official / QJ01 - Antibacterials for systemic use,QJ01 - Antibacterials for systemic use,75,True,official_pubchem_subtype,ATCvet Classification,source_hid=136; subtype_hnid=17764256,CC1CCC2=C3N1C=C(C(=O)C3=CC(=C2)F)C(=O)O
animal_drugs,official_17764312,Animal Drugs Official / QJ51 - Antibacterials for intramammary use,QJ51 - Antibacterials for intramammary use,27,True,official_pubchem_subtype,ATCvet Classification,source_hid=136; subtype_hnid=17764312,CC(C1CCC(C(O1)OC2C(CC(C(C2O)OC3C(C(C(CO3)(C)O)NC)O)N)N)N)NC
animal_drugs,official_17764365,Animal Drugs Official / QM - Musculo-skeletal system,QM - Musculo-skeletal system,25,True,official_pubchem_subtype,ATCvet Classification,source_hid=136; subtype_hnid=17764365,CS(=O)C
animal_drugs,official_17764123,Animal Drugs Official / QN - Nervous system,QN - Nervous system,55,True,official_pubchem_subtype,ATCvet Classification,source_hid=136; subtype_hnid=17764123,CC(=O)NCCC1=CNC2=C1C=C(C=C2)OC
animal_drugs,official_17764251,"Animal Drugs Official / QP - Antiparasitic products, insecticides and repellents","QP - Antiparasitic products, insecticides and repellents",86,True,official_pubchem_subtype,ATCvet Classification,source_hid=136; subtype_hnid=17764251,C(=O)O
animal_drugs,official_17764548,Animal Drugs Official / QP51 - Antiprotozoals,QP51 - Antiprotozoals,28,True,official_pubchem_subtype,ATCvet Classification,source_hid=136; subtype_hnid=17764548,CC1=NC=C(N1C)[N+](=O)[O-]
animal_drugs,official_17764252,"Animal Drugs Official / QP53 - Ectoparasiticides, insecticides and repellents","QP53 - Ectoparasiticides, insecticides and repellents",31,True,official_pubchem_subtype,ATCvet Classification,source_hid=136; subtype_hnid=17764252,C(=O)O
animal_drugs,official_17764177,Animal Drugs Official / QS - Sensory organs,QS - Sensory organs,47,True,official_pubchem_subtype,ATCvet Classification,source_hid=136; subtype_hnid=17764177,CC(=O)O
animal_drugs,official_17764178,Animal Drugs Official / QS01 - Ophthalmologicals,QS01 - Ophthalmologicals,43,True,official_pubchem_subtype,ATCvet Classification,source_hid=136; subtype_hnid=17764178,C1=CC=C(C(=C1)C(=O)O)O
cosmetics,family_02,Cosmetics Prototype / Ester Long Chain Family,ester_long_chain_family,41,False,prototype_family_plus_pubchem_source_reference,California Safe Cosmetics Program (CSCP) Product Database; Consumer Product Information Database Classification; EPA CPDat Classification,13590446; 4364672; 3670675,CCCCCCCCC=CCCCCCCCC(=O)OCC(COC(=O)CCCCCCCC=CCCCCCCCC)O
cosmetics,family_01,Cosmetics Prototype / Long Chain Ester Family,long_chain_ester_family,109,False,prototype_family_plus_pubchem_source_reference,California Safe Cosmetics Program (CSCP) Product Database; Consumer Product Information Database Classification; EPA CPDat Classification,13590446; 4364672; 3670675,CCCCCCCCCCCCCCCCCCCCCC(=O)OCCCCCCCCCCCC
cosmetics,family_04,Cosmetics Prototype / Long Chain Family,long_chain_family,19,False,prototype_family_plus_pubchem_source_reference,California Safe Cosmetics Program (CSCP) Product Database; Consumer Product Information Database Classification; EPA CPDat Classification,13590446; 4364672; 3670675,CCCCCCCCCCCCCCCCCCCCCC(=O)NCCO
cosmetics,family_06,Cosmetics Prototype / Long Chain Family,long_chain_family,16,False,prototype_family_plus_pubchem_source_reference,California Safe Cosmetics Program (CSCP) Product Database; Consumer Product Information Database Classification; EPA CPDat Classification,13590446; 4364672; 3670675,CCCCCCCCCCCCCC(=O)[O-].[Na+]
cosmetics,family_03,Cosmetics Prototype / Long Chain Glycol Family,long_chain_glycol_family,24,False,prototype_family_plus_pubchem_source_reference,California Safe Cosmetics Program (CSCP) Product Database; Consumer Product Information Database Classification; EPA CPDat Classification,13590446; 4364672; 3670675,CCCCCCCCC=CCCCCCCCCCCCC(=O)O.CCCCCCCCC=CCCCCCCCCCCCC(=O)O
cosmetics,family_05,Cosmetics Prototype / Long Chain Sulfonate Family,long_chain_sulfonate_family,19,False,prototype_family_plus_pubchem_source_reference,California Safe Cosmetics Program (CSCP) Product Database; Consumer Product Information Database Classification; EPA CPDat Classification,13590446; 4364672; 3670675,CCCCCCCCOCCOS(=O)(=O)O
food_contact_substances,family_04,Food Contact Substances Prototype / Ester Glycol Family,ester_glycol_family,13,False,prototype_family_plus_pubchem_source_reference,FDA Food Contact Substances (FCS); FDA Packaging & Food Contact Substances (FCS); Food Ontology (FoodOn),17227310; 17227311; 18296077,CC(=C)C(=O)OCCCCOC(=O)C(=C)C
food_contact_substances,family_06,Food Contact Substances Prototype / Ester Long Chain Family,ester_long_chain_family,9,False,prototype_family_plus_pubchem_source_reference,FDA Food Contact Substances (FCS); FDA Packaging & Food Contact Substances (FCS); Food Ontology (FoodOn),17227310; 17227311; 18296077,CCCCC(CC)COC(=O)C=CC(=O)OCC(CC)CCCC
food_contact_substances,family_02,Food Contact Substances Prototype / Long Chain Ester Family,long_chain_ester_family,42,False,prototype_family_plus_pubchem_source_reference,FDA Food Contact Substances (FCS); FDA Packaging & Food Contact Substances (FCS); Food Ontology (FoodOn),17227310; 17227311; 18296077,CCCCCCCCCCCCCCCCCCOC(=O)CCCCC(=O)OCCCCCCCCCCCCCCCCCC
food_contact_substances,family_01,Food Contact Substances Prototype / Long Chain Family,long_chain_family,58,False,prototype_family_plus_pubchem_source_reference,FDA Food Contact Substances (FCS); FDA Packaging & Food Contact Substances (FCS); Food Ontology (FoodOn),17227310; 17227311; 18296077,[Li+].CCCCCCCCC=CCCCCCCCC(=O)[O-]
food_contact_substances,family_03,Food Contact Substances Prototype / Long Chain Family,long_chain_family,21,False,prototype_family_plus_pubchem_source_reference,FDA Food Contact Substances (FCS); FDA Packaging & Food Contact Substances (FCS); Food Ontology (FoodOn),17227310; 17227311; 18296077,CCCCCCCCC(=O)O
food_contact_substances,family_05,Food Contact Substances Prototype / Prototype Family 5,prototype_family_5,10,False,prototype_family_plus_pubchem_source_reference,FDA Food Contact Substances (FCS); FDA Packaging & Food Contact Substances (FCS); Food Ontology (FoodOn),17227310; 17227311; 18296077,C(CN(CC(=O)O)CC(=O)[O-])N(CC(=O)O)CC(=O)O.[Na+]
human_drugs,official_4922628,"Human Drugs Official / Anti-Inflammatory Agents, Non-Steroidal [CS]","Anti-Inflammatory Agents, Non-Steroidal [CS]",31,True,official_pubchem_subtype,FDA Drug Type and Pharmacologic Classification,source_hid=116; subtype_hnid=4922628,CC(=O)NC1=CC=C(C=C1)O
human_drugs,official_4922632,Human Drugs Official / Antiarrhythmic [EPC],Antiarrhythmic [EPC],26,True,official_pubchem_subtype,FDA Drug Type and Pharmacologic Classification,source_hid=116; subtype_hnid=4922632,CCO
human_drugs,official_4922674,Human Drugs Official / Azole Antifungal [EPC],Azole Antifungal [EPC],26,True,official_pubchem_subtype,FDA Drug Type and Pharmacologic Classification,source_hid=116; subtype_hnid=4922674,CCO
human_drugs,official_4922675,Human Drugs Official / Azoles [CS],Azoles [CS],26,True,official_pubchem_subtype,FDA Drug Type and Pharmacologic Classification,source_hid=116; subtype_hnid=4922675,CCO
human_drugs,official_4922708,Human Drugs Official / Breast Cancer Resistance Protein Inhibitors [MoA],Breast Cancer Resistance Protein Inhibitors [MoA],48,True,official_pubchem_subtype,FDA Drug Type and Pharmacologic Classification,source_hid=116; subtype_hnid=4922708,CCC(C)N1C(=O)N(C=N1)C2=CC=C(C=C2)N3CCN(CC3)C4=CC=C(C=C4)OCC5COC(O5)(CN6C=NC=N6)C7=C(C=C(C=C7)Cl)Cl
human_drugs,official_4922817,Human Drugs Official / Corticosteroid Hormone Receptor Agonists [MoA],Corticosteroid Hormone Receptor Agonists [MoA],52,True,official_pubchem_subtype,FDA Drug Type and Pharmacologic Classification,source_hid=116; subtype_hnid=4922817,CN1CCC(CC1)OC(C2=CC=CC=C2)C3=CC=CC=C3
human_drugs,official_4922818,Human Drugs Official / Corticosteroid [EPC],Corticosteroid [EPC],52,True,official_pubchem_subtype,FDA Drug Type and Pharmacologic Classification,source_hid=116; subtype_hnid=4922818,CN1CCC(CC1)OC(C2=CC=CC=C2)C3=CC=CC=C3
human_drugs,official_4922820,Human Drugs Official / Cyclooxygenase Inhibitors [MoA],Cyclooxygenase Inhibitors [MoA],31,True,official_pubchem_subtype,FDA Drug Type and Pharmacologic Classification,source_hid=116; subtype_hnid=4922820,CC(=O)NC1=CC=C(C=C1)O
human_drugs,official_4922833,Human Drugs Official / Cytochrome P450 2C19 Inhibitors [MoA],Cytochrome P450 2C19 Inhibitors [MoA],28,True,official_pubchem_subtype,FDA Drug Type and Pharmacologic Classification,source_hid=116; subtype_hnid=4922833,C1=CC(=C(C=C1F)F)C(CN2C=NC=N2)(CN3C=NC=N3)O
human_drugs,official_4922835,Human Drugs Official / Cytochrome P450 2C8 Inhibitors [MoA],Cytochrome P450 2C8 Inhibitors [MoA],26,True,official_pubchem_subtype,FDA Drug Type and Pharmacologic Classification,source_hid=116; subtype_hnid=4922835,CC1=C(C(C(=C(N1)C)C(=O)OCCN(C)CC2=CC=CC=C2)C3=CC(=CC=C3)[N+](=O)[O-])C(=O)OC
human_drugs,official_4922840,Human Drugs Official / Cytochrome P450 2D6 Inhibitors [MoA],Cytochrome P450 2D6 Inhibitors [MoA],35,True,official_pubchem_subtype,FDA Drug Type and Pharmacologic Classification,source_hid=116; subtype_hnid=4922840,CN1C(=O)CC(=O)N(C2=C1C=CC(=C2)Cl)C3=CC=CC=C3
human_drugs,official_4922843,Human Drugs Official / Cytochrome P450 3A Inhibitors [MoA],Cytochrome P450 3A Inhibitors [MoA],40,True,official_pubchem_subtype,FDA Drug Type and Pharmacologic Classification,source_hid=116; subtype_hnid=4922843,CCOC(=O)C1=C(NC(=C(C1C2=CC=CC=C2Cl)C(=O)OC)C)COCCN
human_drugs,official_4922845,Human Drugs Official / Cytochrome P450 3A4 Inhibitors [MoA],Cytochrome P450 3A4 Inhibitors [MoA],49,True,official_pubchem_subtype,FDA Drug Type and Pharmacologic Classification,source_hid=116; subtype_hnid=4922845,C1=CC(=C(C=C1F)F)C(CN2C=NC=N2)(CN3C=NC=N3)O
human_drugs,official_4922535,Human Drugs Official / HUMAN OTC DRUG,HUMAN OTC DRUG,286,True,official_pubchem_subtype,FDA Drug Type and Pharmacologic Classification,source_hid=116; subtype_hnid=4922535,CC(=O)O
human_drugs,official_4922536,Human Drugs Official / HUMAN PRESCRIPTION DRUG,HUMAN PRESCRIPTION DRUG,1877,True,official_pubchem_subtype,FDA Drug Type and Pharmacologic Classification,source_hid=116; subtype_hnid=4922536,CC(=O)O
human_drugs,official_4923052,Human Drugs Official / Histamine H1 Receptor Antagonists [MoA],Histamine H1 Receptor Antagonists [MoA],27,True,official_pubchem_subtype,FDA Drug Type and Pharmacologic Classification,source_hid=116; subtype_hnid=4923052,CCO
human_drugs,official_4923055,Human Drugs Official / Histamine-1 Receptor Antagonist [EPC],Histamine-1 Receptor Antagonist [EPC],26,True,official_pubchem_subtype,FDA Drug Type and Pharmacologic Classification,source_hid=116; subtype_hnid=4923055,CCO
human_drugs,official_4923126,Human Drugs Official / Increased Large Intestinal Motility [PE],Increased Large Intestinal Motility [PE],26,True,official_pubchem_subtype,FDA Drug Type and Pharmacologic Classification,source_hid=116; subtype_hnid=4923126,CCO
human_drugs,official_4923151,Human Drugs Official / Inhibition Large Intestine Fluid/Electrolyte Absorption [PE],Inhibition Large Intestine Fluid/Electrolyte Absorption [PE],25,True,official_pubchem_subtype,FDA Drug Type and Pharmacologic Classification,source_hid=116; subtype_hnid=4923151,CCO
human_drugs,official_4923209,Human Drugs Official / Kinase Inhibitor [EPC],Kinase Inhibitor [EPC],92,True,official_pubchem_subtype,FDA Drug Type and Pharmacologic Classification,source_hid=116; subtype_hnid=4923209,CC1=C(C=C(C=C1)NC(=O)C2=CC=C(C=C2)CN3CCN(CC3)C)NC4=NC=CC(=N4)C5=CN=CC=C5
human_drugs,official_4923342,Human Drugs Official / Nonsteroidal Anti-inflammatory Drug [EPC],Nonsteroidal Anti-inflammatory Drug [EPC],31,True,official_pubchem_subtype,FDA Drug Type and Pharmacologic Classification,source_hid=116; subtype_hnid=4923342,CC(=O)NC1=CC=C(C=C1)O
human_drugs,official_4923373,Human Drugs Official / Osmotic Activity [MoA],Osmotic Activity [MoA],28,True,official_pubchem_subtype,FDA Drug Type and Pharmacologic Classification,source_hid=116; subtype_hnid=4923373,CCO
human_drugs,official_4923375,Human Drugs Official / Osmotic Laxative [EPC],Osmotic Laxative [EPC],27,True,official_pubchem_subtype,FDA Drug Type and Pharmacologic Classification,source_hid=116; subtype_hnid=4923375,CCO
human_drugs,official_4923384,Human Drugs Official / P-Glycoprotein Inhibitors [MoA],P-Glycoprotein Inhibitors [MoA],70,True,official_pubchem_subtype,FDA Drug Type and Pharmacologic Classification,source_hid=116; subtype_hnid=4923384,C1=CC=C2C(=C1)C(=NO2)CS(=O)(=O)N
human_drugs,official_4923497,Human Drugs Official / Protein Kinase Inhibitors [MoA],Protein Kinase Inhibitors [MoA],25,True,official_pubchem_subtype,FDA Drug Type and Pharmacologic Classification,source_hid=116; subtype_hnid=4923497,CC1=C(C=C(C=C1)NC(=O)C2=CC=C(C=C2)CN3CCN(CC3)C)NC4=NC=CC(=N4)C5=CN=CC=C5.CS(=O)(=O)O
human_drugs,official_4923749,Human Drugs Official / beta-Adrenergic Blocker [EPC],beta-Adrenergic Blocker [EPC],25,True,official_pubchem_subtype,FDA Drug Type and Pharmacologic Classification,source_hid=116; subtype_hnid=4923749,CC(C)NCC(COC1=CC=C(C=C1)CC(=O)N)O
